Metric,Value
total_cases,707
baseline_approvals,590
prototype_approvals,434
prototype_revocations,203
prototype_modifications,70
prototype_review_override_decisions_recorded_human_decisions,100
prototype_review_override_decisions_reviewer_reviews,12
prototype_review_override_decisions_reviewer_overrides,56
prototype_review_override_decisions_system_review_recommendations,224
baseline_approval_rate,83.5
prototype_approval_rate,61.4
approval_rate_reduction_percentage_points,22.1
relative_approval_rate_reduction,26.5
high_risk_cases,49
medium_risk_cases,224
low_risk_cases,434
unused_privilege_cases,203
high_privilege_cases,230
low_usage_vs_peer_cases,0
inactive_user_cases,117
