scenario_id,risk_score_avg,risk_score_min,risk_score_max,risk_low,risk_medium,risk_high,total_cases,affected_cases,UNUSED_PRIVILEGE,HIGH_PRIVILEGE,LOW_USAGE_VS_PEERS,HIGH_USAGE_VS_PEERS,INACTIVE_USER,validation_errors,duplicate_events_detected,delayed_events_detected,out_of_order_events_handled,processing_success,rec_approve,rec_review,rec_revoke,rec_modify
E1,20.69,0,90,434,224,49,707,273,203,230,0,2,117,25,173,266,5170,True,434,224,49,0
E2,20.83,0,90,434,229,49,712,278,208,230,0,2,117,25,173,266,5170,True,434,229,49,0
E3,20.9,0,90,434,224,52,710,276,206,233,0,2,117,25,173,266,5170,True,434,224,52,0
E4,21.15,0,90,433,221,53,707,274,203,230,0,2,133,25,173,266,5170,True,433,221,53,0
E5,20.98,0,90,429,229,49,707,278,208,230,0,2,117,25,171,260,5103,True,429,229,49,0
E6,20.69,0,90,434,224,49,707,273,203,230,0,2,117,25,203,266,5170,True,434,224,49,0
E7,20.69,0,90,434,224,49,707,273,203,230,0,2,117,25,178,266,5170,True,434,224,49,0
E8,20.69,0,90,434,224,49,707,273,203,230,0,2,117,25,173,271,5170,True,434,224,49,0
E9,20.69,0,90,434,224,49,707,273,203,230,0,2,117,25,173,266,5171,True,434,224,49,0
E10,20.69,0,90,434,224,49,707,273,203,230,0,2,117,27,173,266,5170,True,434,224,49,0
