entitlement_id,user_id,application,permission,granted_date,status
ENT-5001,USR-1001,Laboratory,WRITE,2026-07-17,ACTIVE
ENT-5002,USR-1001,HR,WRITE,2026-03-14,ACTIVE
ENT-5003,USR-1001,Radiology,READ,2025-12-03,REVOKED
ENT-5004,USR-1001,Pharmacy,READ,2025-12-12,ACTIVE
ENT-5005,USR-1002,Laboratory,READ,2025-12-24,ACTIVE
ENT-5006,USR-1002,Pharmacy,READ,2026-06-11,REVOKED
ENT-5007,USR-1002,HR,READ,2026-07-09,ACTIVE
ENT-5008,USR-1002,Administration,WRITE,2025-12-03,REVOKED
ENT-5009,USR-1003,Administration,READ_WRITE,2026-05-29,ACTIVE
ENT-5010,USR-1003,Billing,READ,2026-06-06,ACTIVE
ENT-5011,USR-1003,Pharmacy,ADMIN,2026-02-24,ACTIVE
ENT-5012,USR-1003,Radiology,READ_WRITE,2026-01-14,ACTIVE
ENT-5013,USR-1004,Pharmacy,READ,2026-05-22,ACTIVE
ENT-5014,USR-1004,Billing,READ,2026-01-16,ACTIVE
ENT-5015,USR-1004,Administration,READ_WRITE,2026-02-15,ACTIVE
ENT-5016,USR-1004,Laboratory,WRITE,2026-06-08,ACTIVE
ENT-5017,USR-1004,HR,READ,2026-06-20,ACTIVE
ENT-5018,USR-1005,HR,READ,2025-11-19,ACTIVE
ENT-5019,USR-1005,Radiology,READ,2025-12-08,ACTIVE
ENT-5020,USR-1006,Patient Records,READ,2026-06-15,ACTIVE
ENT-5021,USR-1006,Pharmacy,ADMIN,2026-05-08,ACTIVE
ENT-5022,USR-1006,Laboratory,READ,2026-08-16,ACTIVE
ENT-5023,USR-1006,Radiology,WRITE,2026-02-19,ACTIVE
ENT-5024,USR-1007,Laboratory,ADMIN,2026-07-10,ACTIVE
ENT-5025,USR-1007,Pharmacy,WRITE,2026-06-16,ACTIVE
ENT-5026,USR-1008,Administration,WRITE,2026-08-27,ACTIVE
ENT-5027,USR-1008,Radiology,ADMIN,2026-05-11,ACTIVE
ENT-5028,USR-1008,Pharmacy,WRITE,2025-12-02,ACTIVE
ENT-5029,USR-1008,HR,READ,2026-04-30,ACTIVE
ENT-5030,USR-1009,Pharmacy,WRITE,2026-01-07,REVOKED
ENT-5031,USR-1009,Radiology,READ,2025-12-17,ACTIVE
ENT-5032,USR-1010,HR,WRITE,2026-06-17,ACTIVE
ENT-5033,USR-1010,Billing,ADMIN,2026-03-02,ACTIVE
ENT-5034,USR-1011,Pharmacy,READ,2025-11-24,ACTIVE
ENT-5035,USR-1011,HR,READ,2025-11-19,REVOKED
ENT-5036,USR-1011,Patient Records,READ,2026-08-07,ACTIVE
ENT-5037,USR-1011,Laboratory,READ,2026-04-22,ACTIVE
ENT-5038,USR-1011,Billing,WRITE,2026-07-26,ACTIVE
ENT-5039,USR-1012,Administration,READ,2026-03-12,ACTIVE
ENT-5040,USR-1012,Billing,WRITE,2026-03-09,ACTIVE
ENT-5041,USR-1013,Administration,READ,2025-12-27,ACTIVE
ENT-5042,USR-1013,HR,READ,2026-07-28,ACTIVE
ENT-5043,USR-1013,Radiology,READ,2026-08-11,ACTIVE
ENT-5044,USR-1014,Administration,READ,2026-03-21,ACTIVE
ENT-5045,USR-1014,Pharmacy,WRITE,2025-11-24,ACTIVE
ENT-5046,USR-1015,Administration,READ_WRITE,2026-02-28,ACTIVE
ENT-5047,USR-1015,HR,ADMIN,2026-03-13,ACTIVE
ENT-5048,USR-1016,Radiology,READ_WRITE,2026-05-26,ACTIVE
ENT-5049,USR-1016,Administration,WRITE,2025-12-07,ACTIVE
ENT-5050,USR-1016,HR,ADMIN,2026-01-24,REVOKED
ENT-5051,USR-1016,Billing,WRITE,2026-05-29,ACTIVE
ENT-5052,USR-1017,Patient Records,READ_WRITE,2026-01-23,ACTIVE
ENT-5053,USR-1017,Administration,WRITE,2026-01-13,REVOKED
ENT-5054,USR-1017,Laboratory,READ,2026-03-02,ACTIVE
ENT-5055,USR-1017,Billing,WRITE,2026-07-31,REVOKED
ENT-5056,USR-1018,Laboratory,READ,2026-01-17,REVOKED
ENT-5057,USR-1018,Billing,ADMIN,2026-02-23,ACTIVE
ENT-5058,USR-1018,Pharmacy,READ,2026-08-13,ACTIVE
ENT-5059,USR-1018,Patient Records,READ,2026-02-21,ACTIVE
ENT-5060,USR-1018,Radiology,READ,2025-11-09,ACTIVE
ENT-5061,USR-1019,Radiology,READ,2026-08-16,ACTIVE
ENT-5062,USR-1019,Laboratory,WRITE,2026-02-12,ACTIVE
ENT-5063,USR-1019,HR,ADMIN,2026-04-18,ACTIVE
ENT-5064,USR-1019,Pharmacy,READ_WRITE,2026-04-05,ACTIVE
ENT-5065,USR-1020,Pharmacy,READ_WRITE,2026-01-14,ACTIVE
ENT-5066,USR-1020,Patient Records,READ,2026-03-19,ACTIVE
ENT-5067,USR-1020,Administration,READ,2025-11-21,ACTIVE
ENT-5068,USR-1020,HR,READ,2026-06-10,ACTIVE
ENT-5069,USR-1020,Billing,READ,2026-06-01,ACTIVE
ENT-5070,USR-1021,Patient Records,READ_WRITE,2025-12-20,REVOKED
ENT-5071,USR-1021,Pharmacy,WRITE,2026-02-22,ACTIVE
ENT-5072,USR-1021,HR,READ,2026-06-24,ACTIVE
ENT-5073,USR-1022,Patient Records,WRITE,2025-12-27,ACTIVE
ENT-5074,USR-1022,Laboratory,READ,2025-11-08,REVOKED
ENT-5075,USR-1023,HR,READ,2026-03-06,ACTIVE
ENT-5076,USR-1023,Patient Records,READ,2025-11-20,ACTIVE
ENT-5077,USR-1023,Radiology,READ_WRITE,2026-06-24,ACTIVE
ENT-5078,USR-1023,Billing,READ,2026-08-01,ACTIVE
ENT-5079,USR-1024,Laboratory,READ_WRITE,2026-05-06,ACTIVE
ENT-5080,USR-1024,Pharmacy,READ,2026-04-06,ACTIVE
ENT-5081,USR-1024,HR,READ_WRITE,2025-11-20,ACTIVE
ENT-5082,USR-1025,Billing,WRITE,2026-06-12,ACTIVE
ENT-5083,USR-1025,Administration,WRITE,2026-03-10,ACTIVE
ENT-5084,USR-1025,Patient Records,WRITE,2026-08-15,REVOKED
ENT-5085,USR-1025,Pharmacy,READ,2025-11-07,ACTIVE
ENT-5086,USR-1026,Administration,WRITE,2026-08-14,ACTIVE
ENT-5087,USR-1026,Billing,WRITE,2026-04-03,ACTIVE
ENT-5088,USR-1026,Radiology,READ_WRITE,2026-04-26,ACTIVE
ENT-5089,USR-1027,Laboratory,WRITE,2025-12-25,ACTIVE
ENT-5090,USR-1027,Radiology,READ_WRITE,2026-06-17,ACTIVE
ENT-5091,USR-1027,Patient Records,READ,2026-03-06,ACTIVE
ENT-5092,USR-1027,Billing,READ_WRITE,2026-02-21,ACTIVE
ENT-5093,USR-1027,HR,ADMIN,2026-04-28,ACTIVE
ENT-5094,USR-1028,Radiology,ADMIN,2026-02-14,ACTIVE
ENT-5095,USR-1028,Pharmacy,WRITE,2026-06-09,ACTIVE
ENT-5096,USR-1028,HR,READ,2026-03-22,ACTIVE
ENT-5097,USR-1028,Patient Records,READ_WRITE,2025-12-09,ACTIVE
ENT-5098,USR-1029,Radiology,WRITE,2026-04-28,ACTIVE
ENT-5099,USR-1029,Patient Records,WRITE,2026-08-04,ACTIVE
ENT-5100,USR-1029,HR,WRITE,2026-01-01,ACTIVE
ENT-5101,USR-1029,Administration,ADMIN,2026-07-05,ACTIVE
ENT-5102,USR-1030,HR,ADMIN,2026-08-03,ACTIVE
ENT-5103,USR-1030,Laboratory,READ_WRITE,2025-11-19,ACTIVE
ENT-5104,USR-1030,Radiology,WRITE,2026-01-11,ACTIVE
ENT-5105,USR-1030,Administration,READ_WRITE,2026-06-30,ACTIVE
ENT-5106,USR-1031,Radiology,READ,2026-03-09,ACTIVE
ENT-5107,USR-1031,Laboratory,WRITE,2026-06-17,ACTIVE
ENT-5108,USR-1032,Billing,READ,2025-12-30,ACTIVE
ENT-5109,USR-1032,Patient Records,READ_WRITE,2025-12-09,ACTIVE
ENT-5110,USR-1032,HR,READ,2026-03-19,ACTIVE
ENT-5111,USR-1032,Administration,READ,2026-03-29,ACTIVE
ENT-5112,USR-1032,Radiology,WRITE,2025-12-12,ACTIVE
ENT-5113,USR-1033,Radiology,READ,2026-01-28,ACTIVE
ENT-5114,USR-1033,Patient Records,READ,2026-08-16,ACTIVE
ENT-5115,USR-1033,Laboratory,READ_WRITE,2025-11-07,ACTIVE
ENT-5116,USR-1033,Billing,ADMIN,2025-12-27,ACTIVE
ENT-5117,USR-1034,Pharmacy,READ,2026-07-04,ACTIVE
ENT-5118,USR-1034,HR,WRITE,2026-01-27,ACTIVE
ENT-5119,USR-1034,Administration,READ,2026-01-31,ACTIVE
ENT-5120,USR-1034,Patient Records,WRITE,2025-12-31,ACTIVE
ENT-5121,USR-1034,Laboratory,READ,2026-07-29,ACTIVE
ENT-5122,USR-1035,Billing,WRITE,2026-03-22,ACTIVE
ENT-5123,USR-1035,Laboratory,WRITE,2025-11-30,ACTIVE
ENT-5124,USR-1035,Radiology,WRITE,2026-04-16,ACTIVE
ENT-5125,USR-1036,Pharmacy,READ_WRITE,2026-03-30,ACTIVE
ENT-5126,USR-1036,Laboratory,READ,2025-12-22,ACTIVE
ENT-5127,USR-1036,Billing,READ_WRITE,2026-04-11,ACTIVE
ENT-5128,USR-1037,Radiology,READ_WRITE,2026-07-20,ACTIVE
ENT-5129,USR-1037,Laboratory,WRITE,2026-04-20,ACTIVE
ENT-5130,USR-1037,Pharmacy,READ_WRITE,2025-11-27,ACTIVE
ENT-5131,USR-1037,HR,WRITE,2026-04-12,ACTIVE
ENT-5132,USR-1037,Patient Records,WRITE,2026-04-29,ACTIVE
ENT-5133,USR-1038,HR,ADMIN,2026-03-13,ACTIVE
ENT-5134,USR-1038,Pharmacy,ADMIN,2026-06-20,REVOKED
ENT-5135,USR-1038,Patient Records,WRITE,2026-06-10,ACTIVE
ENT-5136,USR-1039,Radiology,READ_WRITE,2026-07-30,ACTIVE
ENT-5137,USR-1039,HR,ADMIN,2025-11-09,ACTIVE
ENT-5138,USR-1039,Pharmacy,READ,2026-08-10,ACTIVE
ENT-5139,USR-1039,Laboratory,READ_WRITE,2026-05-31,ACTIVE
ENT-5140,USR-1039,Billing,ADMIN,2026-02-07,ACTIVE
ENT-5141,USR-1040,HR,ADMIN,2025-11-12,ACTIVE
ENT-5142,USR-1040,Laboratory,READ,2026-03-11,ACTIVE
ENT-5143,USR-1040,Patient Records,READ,2025-11-24,ACTIVE
ENT-5144,USR-1041,Administration,READ_WRITE,2026-07-03,ACTIVE
ENT-5145,USR-1041,Billing,READ,2026-04-20,ACTIVE
ENT-5146,USR-1041,Radiology,ADMIN,2026-03-10,ACTIVE
ENT-5147,USR-1042,Pharmacy,READ,2025-12-09,ACTIVE
ENT-5148,USR-1042,Billing,WRITE,2026-07-12,ACTIVE
ENT-5149,USR-1042,Radiology,READ_WRITE,2026-03-17,ACTIVE
ENT-5150,USR-1043,Laboratory,READ_WRITE,2026-04-15,ACTIVE
ENT-5151,USR-1043,Radiology,READ_WRITE,2025-11-09,REVOKED
ENT-5152,USR-1044,HR,WRITE,2026-06-09,ACTIVE
ENT-5153,USR-1044,Pharmacy,WRITE,2026-03-23,ACTIVE
ENT-5154,USR-1044,Patient Records,WRITE,2026-03-31,ACTIVE
ENT-5155,USR-1044,Billing,READ_WRITE,2026-06-22,ACTIVE
ENT-5156,USR-1045,HR,WRITE,2025-12-31,ACTIVE
ENT-5157,USR-1045,Billing,READ,2026-05-10,ACTIVE
ENT-5158,USR-1045,Laboratory,READ,2026-07-19,ACTIVE
ENT-5159,USR-1045,Radiology,WRITE,2026-02-25,REVOKED
ENT-5160,USR-1045,Administration,WRITE,2026-07-29,ACTIVE
ENT-5161,USR-1046,Billing,READ_WRITE,2025-12-06,ACTIVE
ENT-5162,USR-1046,Administration,READ,2025-12-22,REVOKED
ENT-5163,USR-1046,Pharmacy,WRITE,2026-08-01,ACTIVE
ENT-5164,USR-1047,Radiology,READ,2026-08-18,ACTIVE
ENT-5165,USR-1047,Billing,READ,2026-05-10,ACTIVE
ENT-5166,USR-1047,Patient Records,ADMIN,2026-03-06,ACTIVE
ENT-5167,USR-1047,Administration,WRITE,2026-07-30,ACTIVE
ENT-5168,USR-1047,Laboratory,ADMIN,2025-12-31,REVOKED
ENT-5169,USR-1048,Pharmacy,WRITE,2026-02-17,ACTIVE
ENT-5170,USR-1048,Administration,READ,2025-11-26,ACTIVE
ENT-5171,USR-1048,Radiology,READ,2026-06-30,ACTIVE
ENT-5172,USR-1048,Laboratory,WRITE,2025-12-02,ACTIVE
ENT-5173,USR-1048,HR,READ,2026-08-28,ACTIVE
ENT-5174,USR-1049,Radiology,WRITE,2026-05-04,ACTIVE
ENT-5175,USR-1049,HR,READ_WRITE,2026-04-10,ACTIVE
ENT-5176,USR-1049,Billing,READ,2026-07-03,REVOKED
ENT-5177,USR-1049,Administration,READ,2026-08-21,ACTIVE
ENT-5178,USR-1050,Patient Records,ADMIN,2026-08-05,ACTIVE
ENT-5179,USR-1050,Billing,ADMIN,2026-01-17,ACTIVE
ENT-5180,USR-1051,Administration,WRITE,2026-04-03,ACTIVE
ENT-5181,USR-1051,Patient Records,READ,2025-11-08,ACTIVE
ENT-5182,USR-1051,Pharmacy,WRITE,2026-03-18,ACTIVE
ENT-5183,USR-1052,HR,WRITE,2026-04-11,REVOKED
ENT-5184,USR-1052,Billing,READ,2026-06-01,ACTIVE
ENT-5185,USR-1052,Pharmacy,WRITE,2025-12-19,REVOKED
ENT-5186,USR-1053,HR,READ,2026-02-01,ACTIVE
ENT-5187,USR-1053,Administration,WRITE,2025-11-27,ACTIVE
ENT-5188,USR-1053,Radiology,READ,2026-03-29,ACTIVE
ENT-5189,USR-1053,Laboratory,READ_WRITE,2026-01-04,ACTIVE
ENT-5190,USR-1054,Radiology,READ_WRITE,2026-05-17,ACTIVE
ENT-5191,USR-1054,Billing,ADMIN,2026-01-11,ACTIVE
ENT-5192,USR-1054,HR,ADMIN,2026-05-24,REVOKED
ENT-5193,USR-1054,Pharmacy,WRITE,2026-08-09,ACTIVE
ENT-5194,USR-1054,Administration,READ_WRITE,2025-11-16,ACTIVE
ENT-5195,USR-1055,Administration,READ,2026-08-22,ACTIVE
ENT-5196,USR-1055,Laboratory,READ_WRITE,2026-06-30,ACTIVE
ENT-5197,USR-1055,HR,READ,2026-04-27,ACTIVE
ENT-5198,USR-1056,Radiology,READ_WRITE,2026-04-07,ACTIVE
ENT-5199,USR-1056,Pharmacy,WRITE,2026-02-27,ACTIVE
ENT-5200,USR-1056,Billing,WRITE,2025-12-18,ACTIVE
ENT-5201,USR-1057,Administration,WRITE,2025-11-14,ACTIVE
ENT-5202,USR-1057,Laboratory,READ,2026-08-21,ACTIVE
ENT-5203,USR-1057,Pharmacy,READ,2026-01-28,ACTIVE
ENT-5204,USR-1057,HR,READ_WRITE,2026-05-04,ACTIVE
ENT-5205,USR-1057,Billing,READ,2025-12-17,ACTIVE
ENT-5206,USR-1058,Laboratory,READ_WRITE,2026-03-02,ACTIVE
ENT-5207,USR-1058,Radiology,READ,2025-12-22,ACTIVE
ENT-5208,USR-1058,HR,READ,2026-07-30,ACTIVE
ENT-5209,USR-1058,Billing,READ,2026-07-22,ACTIVE
ENT-5210,USR-1059,Administration,WRITE,2026-05-03,REVOKED
ENT-5211,USR-1059,Patient Records,READ_WRITE,2026-05-10,ACTIVE
ENT-5212,USR-1060,Patient Records,READ,2026-08-21,REVOKED
ENT-5213,USR-1060,Billing,WRITE,2026-08-23,REVOKED
ENT-5214,USR-1060,HR,READ,2025-11-28,ACTIVE
ENT-5215,USR-1060,Radiology,ADMIN,2026-01-21,ACTIVE
ENT-5216,USR-1061,Patient Records,READ_WRITE,2026-05-23,ACTIVE
ENT-5217,USR-1061,Administration,READ_WRITE,2026-03-01,ACTIVE
ENT-5218,USR-1061,Billing,WRITE,2026-02-19,ACTIVE
ENT-5219,USR-1062,Billing,READ,2026-07-19,ACTIVE
ENT-5220,USR-1062,Pharmacy,READ,2026-08-13,REVOKED
ENT-5221,USR-1062,HR,WRITE,2025-11-20,ACTIVE
ENT-5222,USR-1062,Laboratory,WRITE,2026-06-03,REVOKED
ENT-5223,USR-1062,Radiology,READ,2026-03-13,ACTIVE
ENT-5224,USR-1063,Billing,READ_WRITE,2025-11-12,ACTIVE
ENT-5225,USR-1063,Patient Records,ADMIN,2026-07-22,ACTIVE
ENT-5226,USR-1064,Billing,READ,2026-03-21,REVOKED
ENT-5227,USR-1064,Administration,READ_WRITE,2026-06-17,ACTIVE
ENT-5228,USR-1064,Patient Records,READ,2026-02-07,ACTIVE
ENT-5229,USR-1064,Pharmacy,READ_WRITE,2025-11-14,ACTIVE
ENT-5230,USR-1065,HR,READ_WRITE,2026-07-20,ACTIVE
ENT-5231,USR-1065,Billing,READ,2026-08-02,REVOKED
ENT-5232,USR-1065,Laboratory,READ_WRITE,2026-07-22,ACTIVE
ENT-5233,USR-1065,Radiology,READ,2026-02-07,ACTIVE
ENT-5234,USR-1065,Administration,READ_WRITE,2026-04-12,ACTIVE
ENT-5235,USR-1066,Radiology,READ_WRITE,2026-02-16,REVOKED
ENT-5236,USR-1066,Pharmacy,WRITE,2026-04-25,ACTIVE
ENT-5237,USR-1066,Laboratory,ADMIN,2026-06-12,ACTIVE
ENT-5238,USR-1066,Administration,READ,2026-06-12,ACTIVE
ENT-5239,USR-1066,HR,READ_WRITE,2026-07-06,REVOKED
ENT-5240,USR-1067,Radiology,READ_WRITE,2026-05-26,ACTIVE
ENT-5241,USR-1067,Laboratory,WRITE,2025-12-10,ACTIVE
ENT-5242,USR-1067,HR,ADMIN,2026-03-01,ACTIVE
ENT-5243,USR-1067,Patient Records,WRITE,2026-03-16,ACTIVE
ENT-5244,USR-1068,Laboratory,WRITE,2026-07-17,ACTIVE
ENT-5245,USR-1068,Radiology,WRITE,2026-04-27,ACTIVE
ENT-5246,USR-1069,HR,READ_WRITE,2026-03-28,ACTIVE
ENT-5247,USR-1069,Radiology,READ_WRITE,2026-06-05,ACTIVE
ENT-5248,USR-1069,Pharmacy,WRITE,2025-12-25,ACTIVE
ENT-5249,USR-1070,Laboratory,WRITE,2026-06-21,ACTIVE
ENT-5250,USR-1070,Pharmacy,READ,2026-03-12,ACTIVE
ENT-5251,USR-1070,Radiology,WRITE,2026-03-14,ACTIVE
ENT-5252,USR-1070,HR,WRITE,2026-06-21,ACTIVE
ENT-5253,USR-1071,Radiology,READ,2026-03-19,ACTIVE
ENT-5254,USR-1071,Laboratory,READ,2025-12-21,ACTIVE
ENT-5255,USR-1071,Pharmacy,READ,2026-03-16,ACTIVE
ENT-5256,USR-1072,Laboratory,READ,2026-05-29,ACTIVE
ENT-5257,USR-1072,Patient Records,WRITE,2026-01-05,ACTIVE
ENT-5258,USR-1072,Billing,READ_WRITE,2026-04-02,ACTIVE
ENT-5259,USR-1072,Pharmacy,ADMIN,2026-02-01,ACTIVE
ENT-5260,USR-1072,Administration,READ_WRITE,2026-03-27,ACTIVE
ENT-5261,USR-1073,HR,ADMIN,2025-12-27,ACTIVE
ENT-5262,USR-1073,Radiology,WRITE,2026-01-27,ACTIVE
ENT-5263,USR-1073,Administration,READ,2026-02-26,ACTIVE
ENT-5264,USR-1074,Patient Records,READ,2026-03-01,ACTIVE
ENT-5265,USR-1074,Pharmacy,WRITE,2025-11-14,ACTIVE
ENT-5266,USR-1075,Administration,ADMIN,2026-05-08,ACTIVE
ENT-5267,USR-1075,Laboratory,WRITE,2025-11-08,ACTIVE
ENT-5268,USR-1075,Radiology,WRITE,2026-01-04,ACTIVE
ENT-5269,USR-1075,Patient Records,WRITE,2025-12-16,ACTIVE
ENT-5270,USR-1075,Billing,READ,2025-12-25,ACTIVE
ENT-5271,USR-1076,Patient Records,READ_WRITE,2026-05-16,ACTIVE
ENT-5272,USR-1076,Administration,READ_WRITE,2026-07-11,ACTIVE
ENT-5273,USR-1076,Pharmacy,READ,2026-03-19,REVOKED
ENT-5274,USR-1076,Laboratory,ADMIN,2026-07-02,REVOKED
ENT-5275,USR-1076,Billing,READ_WRITE,2026-07-05,ACTIVE
ENT-5276,USR-1077,HR,READ_WRITE,2026-06-09,ACTIVE
ENT-5277,USR-1077,Pharmacy,WRITE,2026-01-05,ACTIVE
ENT-5278,USR-1077,Billing,WRITE,2026-05-27,ACTIVE
ENT-5279,USR-1078,Radiology,WRITE,2026-02-11,REVOKED
ENT-5280,USR-1078,Patient Records,READ_WRITE,2026-04-09,ACTIVE
ENT-5281,USR-1078,Billing,READ,2026-07-28,ACTIVE
ENT-5282,USR-1078,Pharmacy,READ,2025-11-28,ACTIVE
ENT-5283,USR-1078,Administration,READ_WRITE,2026-01-07,ACTIVE
ENT-5284,USR-1079,Billing,WRITE,2026-07-02,ACTIVE
ENT-5285,USR-1079,HR,READ,2026-06-02,ACTIVE
ENT-5286,USR-1079,Laboratory,READ,2026-03-30,ACTIVE
ENT-5287,USR-1079,Radiology,WRITE,2026-06-22,ACTIVE
ENT-5288,USR-1079,Administration,READ_WRITE,2026-07-01,ACTIVE
ENT-5289,USR-1080,Billing,WRITE,2025-11-08,ACTIVE
ENT-5290,USR-1080,Radiology,READ_WRITE,2025-11-27,ACTIVE
ENT-5291,USR-1080,HR,WRITE,2026-06-02,ACTIVE
ENT-5292,USR-1081,Laboratory,WRITE,2026-02-27,ACTIVE
ENT-5293,USR-1081,Pharmacy,WRITE,2026-05-22,ACTIVE
ENT-5294,USR-1081,HR,READ,2025-12-14,ACTIVE
ENT-5295,USR-1081,Administration,WRITE,2025-12-21,ACTIVE
ENT-5296,USR-1081,Billing,READ,2025-12-22,ACTIVE
ENT-5297,USR-1082,Administration,READ_WRITE,2026-04-11,ACTIVE
ENT-5298,USR-1082,Pharmacy,READ_WRITE,2026-01-07,ACTIVE
ENT-5299,USR-1083,Billing,READ,2026-02-23,ACTIVE
ENT-5300,USR-1083,Administration,READ,2026-01-16,ACTIVE
ENT-5301,USR-1083,Patient Records,READ,2026-07-08,ACTIVE
ENT-5302,USR-1083,HR,READ,2026-04-25,ACTIVE
ENT-5303,USR-1083,Pharmacy,READ,2026-01-11,ACTIVE
ENT-5304,USR-1084,Radiology,READ,2026-04-30,ACTIVE
ENT-5305,USR-1084,Patient Records,READ,2026-03-03,ACTIVE
ENT-5306,USR-1085,Pharmacy,READ,2025-11-11,ACTIVE
ENT-5307,USR-1085,Billing,READ_WRITE,2025-11-27,ACTIVE
ENT-5308,USR-1085,Administration,READ,2026-04-02,ACTIVE
ENT-5309,USR-1085,HR,READ_WRITE,2025-12-09,ACTIVE
ENT-5310,USR-1085,Patient Records,READ,2026-07-12,ACTIVE
ENT-5311,USR-1086,Patient Records,READ_WRITE,2026-03-18,ACTIVE
ENT-5312,USR-1086,Laboratory,READ,2026-02-09,ACTIVE
ENT-5313,USR-1086,Pharmacy,WRITE,2026-04-14,ACTIVE
ENT-5314,USR-1086,Billing,WRITE,2026-07-22,ACTIVE
ENT-5315,USR-1086,Administration,READ,2026-07-13,ACTIVE
ENT-5316,USR-1087,HR,READ_WRITE,2026-08-28,ACTIVE
ENT-5317,USR-1087,Laboratory,READ,2026-07-13,ACTIVE
ENT-5318,USR-1087,Radiology,WRITE,2026-02-27,ACTIVE
ENT-5319,USR-1087,Billing,READ,2026-02-07,ACTIVE
ENT-5320,USR-1088,Administration,READ,2026-03-10,ACTIVE
ENT-5321,USR-1088,Pharmacy,READ_WRITE,2025-12-24,ACTIVE
ENT-5322,USR-1088,Radiology,READ,2026-08-05,REVOKED
ENT-5323,USR-1088,Laboratory,WRITE,2026-01-06,REVOKED
ENT-5324,USR-1088,HR,READ,2026-06-10,ACTIVE
ENT-5325,USR-1089,Radiology,READ,2026-06-23,ACTIVE
ENT-5326,USR-1089,Pharmacy,READ_WRITE,2026-04-11,REVOKED
ENT-5327,USR-1090,Laboratory,ADMIN,2026-03-26,ACTIVE
ENT-5328,USR-1090,Patient Records,READ,2026-01-22,ACTIVE
ENT-5329,USR-1090,Administration,READ,2026-08-29,ACTIVE
ENT-5330,USR-1090,Pharmacy,ADMIN,2026-05-06,ACTIVE
ENT-5331,USR-1091,Patient Records,READ,2025-12-28,REVOKED
ENT-5332,USR-1091,Administration,WRITE,2026-07-08,ACTIVE
ENT-5333,USR-1091,Laboratory,WRITE,2026-03-29,ACTIVE
ENT-5334,USR-1091,HR,READ,2026-06-22,ACTIVE
ENT-5335,USR-1091,Pharmacy,READ,2026-07-25,ACTIVE
ENT-5336,USR-1092,Billing,READ_WRITE,2026-03-03,ACTIVE
ENT-5337,USR-1092,HR,WRITE,2026-06-13,ACTIVE
ENT-5338,USR-1093,Administration,READ,2026-02-14,ACTIVE
ENT-5339,USR-1093,Pharmacy,WRITE,2026-06-19,ACTIVE
ENT-5340,USR-1093,Patient Records,WRITE,2026-04-24,ACTIVE
ENT-5341,USR-1093,Billing,WRITE,2026-04-06,ACTIVE
ENT-5342,USR-1093,Radiology,READ,2026-03-28,ACTIVE
ENT-5343,USR-1094,HR,WRITE,2026-04-29,ACTIVE
ENT-5344,USR-1094,Radiology,ADMIN,2025-12-17,ACTIVE
ENT-5345,USR-1094,Laboratory,ADMIN,2026-08-23,ACTIVE
ENT-5346,USR-1095,Pharmacy,WRITE,2026-06-02,ACTIVE
ENT-5347,USR-1095,Radiology,READ,2026-07-23,REVOKED
ENT-5348,USR-1095,Billing,ADMIN,2026-04-17,ACTIVE
ENT-5349,USR-1095,HR,READ,2026-02-07,ACTIVE
ENT-5350,USR-1096,Radiology,WRITE,2026-06-12,ACTIVE
ENT-5351,USR-1096,HR,READ_WRITE,2025-12-11,ACTIVE
ENT-5352,USR-1096,Administration,READ,2026-06-11,ACTIVE
ENT-5353,USR-1096,Patient Records,WRITE,2026-07-27,ACTIVE
ENT-5354,USR-1096,Laboratory,WRITE,2026-04-29,REVOKED
ENT-5355,USR-1097,Radiology,WRITE,2026-08-01,ACTIVE
ENT-5356,USR-1097,Patient Records,READ,2026-06-01,ACTIVE
ENT-5357,USR-1098,HR,WRITE,2026-03-05,ACTIVE
ENT-5358,USR-1098,Patient Records,READ,2026-04-19,ACTIVE
ENT-5359,USR-1098,Pharmacy,READ_WRITE,2026-04-14,ACTIVE
ENT-5360,USR-1099,Administration,READ_WRITE,2026-01-22,ACTIVE
ENT-5361,USR-1099,Patient Records,ADMIN,2025-11-07,ACTIVE
ENT-5362,USR-1100,Radiology,READ,2026-06-05,ACTIVE
ENT-5363,USR-1100,Billing,READ_WRITE,2026-07-08,ACTIVE
ENT-5364,USR-1100,Laboratory,READ,2026-07-01,ACTIVE
ENT-5365,USR-1100,Patient Records,WRITE,2026-08-07,ACTIVE
ENT-5366,USR-1100,Pharmacy,ADMIN,2026-08-06,ACTIVE
ENT-5367,USR-1101,Pharmacy,READ_WRITE,2026-01-28,ACTIVE
ENT-5368,USR-1101,Administration,READ_WRITE,2026-07-21,ACTIVE
ENT-5369,USR-1101,Patient Records,ADMIN,2026-08-03,ACTIVE
ENT-5370,USR-1101,Radiology,READ,2026-08-06,ACTIVE
ENT-5371,USR-1101,Billing,ADMIN,2026-01-03,ACTIVE
ENT-5372,USR-1102,Laboratory,ADMIN,2026-05-19,ACTIVE
ENT-5373,USR-1102,Patient Records,READ,2026-04-27,ACTIVE
ENT-5374,USR-1102,Billing,WRITE,2025-12-20,ACTIVE
ENT-5375,USR-1102,Radiology,READ,2025-11-23,ACTIVE
ENT-5376,USR-1103,Pharmacy,ADMIN,2025-11-25,ACTIVE
ENT-5377,USR-1103,Patient Records,READ,2026-08-25,ACTIVE
ENT-5378,USR-1103,Radiology,ADMIN,2026-02-18,ACTIVE
ENT-5379,USR-1104,Patient Records,WRITE,2026-07-30,ACTIVE
ENT-5380,USR-1104,Pharmacy,READ_WRITE,2026-04-08,REVOKED
ENT-5381,USR-1104,Billing,READ,2025-12-06,ACTIVE
ENT-5382,USR-1104,HR,READ,2026-01-07,ACTIVE
ENT-5383,USR-1105,Billing,WRITE,2026-02-09,REVOKED
ENT-5384,USR-1105,Patient Records,WRITE,2026-01-19,ACTIVE
ENT-5385,USR-1106,Pharmacy,READ,2026-02-09,ACTIVE
ENT-5386,USR-1106,Laboratory,READ,2026-03-20,ACTIVE
ENT-5387,USR-1106,HR,READ_WRITE,2026-05-18,ACTIVE
ENT-5388,USR-1107,Pharmacy,READ_WRITE,2026-01-03,ACTIVE
ENT-5389,USR-1107,Patient Records,READ_WRITE,2026-02-27,ACTIVE
ENT-5390,USR-1108,Radiology,READ_WRITE,2026-06-29,REVOKED
ENT-5391,USR-1108,Laboratory,READ,2026-03-27,ACTIVE
ENT-5392,USR-1108,Administration,READ,2026-08-09,ACTIVE
ENT-5393,USR-1109,Pharmacy,WRITE,2026-08-04,ACTIVE
ENT-5394,USR-1109,Patient Records,READ_WRITE,2026-06-01,REVOKED
ENT-5395,USR-1109,Administration,WRITE,2026-01-10,ACTIVE
ENT-5396,USR-1109,Laboratory,WRITE,2026-07-12,ACTIVE
ENT-5397,USR-1110,Patient Records,READ,2026-05-08,ACTIVE
ENT-5398,USR-1110,Administration,READ,2026-02-20,ACTIVE
ENT-5399,USR-1110,HR,READ,2026-07-17,ACTIVE
ENT-5400,USR-1111,Administration,READ_WRITE,2026-01-14,ACTIVE
ENT-5401,USR-1111,Patient Records,ADMIN,2026-03-13,ACTIVE
ENT-5402,USR-1111,HR,READ,2026-08-04,ACTIVE
ENT-5403,USR-1111,Billing,WRITE,2026-02-08,ACTIVE
ENT-5404,USR-1112,HR,READ,2026-04-11,ACTIVE
ENT-5405,USR-1112,Radiology,READ,2026-08-12,ACTIVE
ENT-5406,USR-1112,Pharmacy,WRITE,2026-03-31,ACTIVE
ENT-5407,USR-1112,Laboratory,READ,2025-12-27,REVOKED
ENT-5408,USR-1112,Patient Records,READ_WRITE,2026-06-20,ACTIVE
ENT-5409,USR-1113,HR,READ,2026-02-27,ACTIVE
ENT-5410,USR-1113,Billing,READ,2026-03-06,ACTIVE
ENT-5411,USR-1113,Patient Records,WRITE,2026-02-12,ACTIVE
ENT-5412,USR-1114,Laboratory,READ_WRITE,2026-04-08,REVOKED
ENT-5413,USR-1114,Billing,READ,2025-12-01,ACTIVE
ENT-5414,USR-1115,Pharmacy,READ,2026-04-15,ACTIVE
ENT-5415,USR-1115,Patient Records,READ,2026-08-01,ACTIVE
ENT-5416,USR-1115,Administration,READ,2025-11-08,ACTIVE
ENT-5417,USR-1116,Laboratory,READ_WRITE,2026-02-27,ACTIVE
ENT-5418,USR-1116,Pharmacy,ADMIN,2026-03-02,ACTIVE
ENT-5419,USR-1116,HR,WRITE,2025-11-14,ACTIVE
ENT-5420,USR-1116,Billing,READ,2025-12-20,ACTIVE
ENT-5421,USR-1116,Administration,READ_WRITE,2026-08-10,REVOKED
ENT-5422,USR-1117,Billing,WRITE,2026-08-29,ACTIVE
ENT-5423,USR-1117,Pharmacy,WRITE,2026-06-24,ACTIVE
ENT-5424,USR-1117,Patient Records,READ_WRITE,2026-03-17,REVOKED
ENT-5425,USR-1118,Billing,READ,2025-12-03,ACTIVE
ENT-5426,USR-1118,HR,READ,2026-02-19,ACTIVE
ENT-5427,USR-1118,Pharmacy,READ,2026-07-09,ACTIVE
ENT-5428,USR-1119,Pharmacy,WRITE,2026-06-01,ACTIVE
ENT-5429,USR-1119,Administration,WRITE,2026-02-28,ACTIVE
ENT-5430,USR-1119,Radiology,WRITE,2026-06-01,ACTIVE
ENT-5431,USR-1119,Billing,READ,2026-04-01,ACTIVE
ENT-5432,USR-1120,HR,WRITE,2025-11-12,REVOKED
ENT-5433,USR-1120,Billing,WRITE,2026-05-08,ACTIVE
ENT-5434,USR-1121,Radiology,READ_WRITE,2026-07-21,ACTIVE
ENT-5435,USR-1121,Pharmacy,READ,2026-06-05,ACTIVE
ENT-5436,USR-1122,Administration,READ,2026-03-11,ACTIVE
ENT-5437,USR-1122,HR,READ_WRITE,2026-04-24,ACTIVE
ENT-5438,USR-1123,Laboratory,WRITE,2026-01-27,ACTIVE
ENT-5439,USR-1123,Patient Records,READ,2025-12-20,ACTIVE
ENT-5440,USR-1123,HR,WRITE,2026-02-18,ACTIVE
ENT-5441,USR-1123,Billing,WRITE,2025-11-07,ACTIVE
ENT-5442,USR-1124,Pharmacy,READ,2026-08-12,ACTIVE
ENT-5443,USR-1124,Radiology,READ_WRITE,2026-07-07,REVOKED
ENT-5444,USR-1124,Patient Records,READ_WRITE,2026-02-18,ACTIVE
ENT-5445,USR-1125,Billing,READ_WRITE,2025-12-25,ACTIVE
ENT-5446,USR-1125,Patient Records,WRITE,2026-06-06,ACTIVE
ENT-5447,USR-1126,Pharmacy,READ,2026-02-01,ACTIVE
ENT-5448,USR-1126,Patient Records,READ,2025-11-26,ACTIVE
ENT-5449,USR-1126,HR,READ_WRITE,2026-04-30,REVOKED
ENT-5450,USR-1126,Laboratory,WRITE,2025-11-21,ACTIVE
ENT-5451,USR-1126,Billing,READ_WRITE,2026-02-26,REVOKED
ENT-5452,USR-1127,Laboratory,WRITE,2025-12-27,ACTIVE
ENT-5453,USR-1127,HR,ADMIN,2026-06-03,ACTIVE
ENT-5454,USR-1128,Radiology,READ_WRITE,2026-02-07,ACTIVE
ENT-5455,USR-1128,Patient Records,READ,2026-04-16,REVOKED
ENT-5456,USR-1129,Pharmacy,WRITE,2026-04-17,ACTIVE
ENT-5457,USR-1129,Laboratory,READ_WRITE,2026-04-14,ACTIVE
ENT-5458,USR-1129,Radiology,READ_WRITE,2026-07-11,REVOKED
ENT-5459,USR-1129,HR,READ_WRITE,2025-11-25,ACTIVE
ENT-5460,USR-1129,Patient Records,READ,2026-05-05,ACTIVE
ENT-5461,USR-1130,Administration,READ,2025-12-29,ACTIVE
ENT-5462,USR-1130,Billing,WRITE,2026-08-12,ACTIVE
ENT-5463,USR-1130,Radiology,READ,2025-11-10,ACTIVE
ENT-5464,USR-1130,HR,WRITE,2026-06-29,ACTIVE
ENT-5465,USR-1130,Laboratory,WRITE,2026-06-05,ACTIVE
ENT-5466,USR-1131,Pharmacy,ADMIN,2026-01-19,ACTIVE
ENT-5467,USR-1131,Patient Records,READ,2026-06-15,ACTIVE
ENT-5468,USR-1131,Radiology,READ_WRITE,2026-07-26,REVOKED
ENT-5469,USR-1132,Billing,READ,2025-12-05,ACTIVE
ENT-5470,USR-1132,Laboratory,ADMIN,2026-06-14,ACTIVE
ENT-5471,USR-1132,HR,WRITE,2026-07-09,ACTIVE
ENT-5472,USR-1132,Radiology,WRITE,2026-07-09,ACTIVE
ENT-5473,USR-1132,Patient Records,READ,2026-03-06,ACTIVE
ENT-5474,USR-1133,Radiology,ADMIN,2026-04-10,ACTIVE
ENT-5475,USR-1133,HR,WRITE,2026-02-05,REVOKED
ENT-5476,USR-1133,Administration,READ,2026-03-13,ACTIVE
ENT-5477,USR-1133,Billing,ADMIN,2025-12-29,ACTIVE
ENT-5478,USR-1134,Patient Records,READ_WRITE,2025-12-21,ACTIVE
ENT-5479,USR-1134,Laboratory,READ,2026-05-05,ACTIVE
ENT-5480,USR-1134,HR,READ,2026-01-15,ACTIVE
ENT-5481,USR-1134,Billing,READ_WRITE,2026-01-28,ACTIVE
ENT-5482,USR-1135,Pharmacy,READ_WRITE,2026-02-02,ACTIVE
ENT-5483,USR-1135,Radiology,READ,2026-02-19,ACTIVE
ENT-5484,USR-1136,Patient Records,WRITE,2025-12-04,ACTIVE
ENT-5485,USR-1136,Laboratory,ADMIN,2026-05-23,ACTIVE
ENT-5486,USR-1136,Billing,READ_WRITE,2026-07-31,ACTIVE
ENT-5487,USR-1137,Patient Records,READ,2025-12-14,ACTIVE
ENT-5488,USR-1137,Laboratory,READ,2026-08-14,ACTIVE
ENT-5489,USR-1137,Pharmacy,WRITE,2026-01-13,ACTIVE
ENT-5490,USR-1137,HR,READ,2025-11-20,ACTIVE
ENT-5491,USR-1137,Billing,READ_WRITE,2026-04-19,ACTIVE
ENT-5492,USR-1138,Laboratory,WRITE,2026-06-07,ACTIVE
ENT-5493,USR-1138,Patient Records,READ,2026-05-12,ACTIVE
ENT-5494,USR-1139,HR,READ,2025-12-10,REVOKED
ENT-5495,USR-1139,Pharmacy,READ,2026-08-25,ACTIVE
ENT-5496,USR-1139,Laboratory,READ_WRITE,2026-06-02,ACTIVE
ENT-5497,USR-1140,Pharmacy,WRITE,2026-03-26,ACTIVE
ENT-5498,USR-1140,Laboratory,READ,2026-04-11,ACTIVE
ENT-5499,USR-1141,Administration,WRITE,2025-12-06,ACTIVE
ENT-5500,USR-1141,Laboratory,WRITE,2026-07-08,REVOKED
ENT-5501,USR-1141,Radiology,READ,2026-02-19,ACTIVE
ENT-5502,USR-1141,HR,WRITE,2026-04-07,ACTIVE
ENT-5503,USR-1141,Patient Records,ADMIN,2026-07-28,ACTIVE
ENT-5504,USR-1142,HR,READ,2026-03-30,ACTIVE
ENT-5505,USR-1142,Laboratory,WRITE,2026-04-28,ACTIVE
ENT-5506,USR-1142,Administration,READ,2026-02-04,ACTIVE
ENT-5507,USR-1142,Billing,READ,2026-08-16,ACTIVE
ENT-5508,USR-1143,Laboratory,READ,2025-11-10,ACTIVE
ENT-5509,USR-1143,Radiology,READ_WRITE,2026-05-08,ACTIVE
ENT-5510,USR-1143,HR,WRITE,2025-12-29,ACTIVE
ENT-5511,USR-1143,Billing,READ,2025-12-13,ACTIVE
ENT-5512,USR-1144,Administration,READ_WRITE,2026-07-11,ACTIVE
ENT-5513,USR-1144,HR,READ,2025-11-16,ACTIVE
ENT-5514,USR-1144,Billing,READ_WRITE,2026-03-11,ACTIVE
ENT-5515,USR-1145,Laboratory,WRITE,2026-03-13,ACTIVE
ENT-5516,USR-1145,Pharmacy,WRITE,2026-01-04,ACTIVE
ENT-5517,USR-1145,Administration,WRITE,2026-07-24,ACTIVE
ENT-5518,USR-1146,Billing,WRITE,2026-01-30,REVOKED
ENT-5519,USR-1146,Patient Records,READ,2026-06-20,ACTIVE
ENT-5520,USR-1146,Radiology,READ_WRITE,2025-11-11,ACTIVE
ENT-5521,USR-1147,Pharmacy,READ_WRITE,2026-05-31,ACTIVE
ENT-5522,USR-1147,Laboratory,ADMIN,2026-01-10,ACTIVE
ENT-5523,USR-1147,Administration,READ,2026-06-04,ACTIVE
ENT-5524,USR-1147,Patient Records,READ_WRITE,2026-07-15,ACTIVE
ENT-5525,USR-1147,Billing,WRITE,2026-01-22,ACTIVE
ENT-5526,USR-1148,Radiology,WRITE,2026-08-22,ACTIVE
ENT-5527,USR-1148,Patient Records,READ,2025-12-01,ACTIVE
ENT-5528,USR-1148,HR,READ,2026-04-24,ACTIVE
ENT-5529,USR-1148,Pharmacy,READ,2026-03-23,ACTIVE
ENT-5530,USR-1148,Laboratory,WRITE,2026-03-26,ACTIVE
ENT-5531,USR-1149,Laboratory,WRITE,2025-12-06,ACTIVE
ENT-5532,USR-1149,Administration,READ_WRITE,2026-06-22,ACTIVE
ENT-5533,USR-1150,Laboratory,READ_WRITE,2026-06-23,ACTIVE
ENT-5534,USR-1150,Pharmacy,ADMIN,2025-12-14,ACTIVE
ENT-5535,USR-1150,HR,WRITE,2026-08-10,ACTIVE
ENT-5536,USR-1150,Radiology,WRITE,2025-11-29,ACTIVE
ENT-5537,USR-1150,Patient Records,WRITE,2026-08-05,ACTIVE
ENT-5538,USR-1151,Patient Records,ADMIN,2026-01-14,ACTIVE
ENT-5539,USR-1151,HR,WRITE,2025-12-30,ACTIVE
ENT-5540,USR-1152,HR,READ_WRITE,2026-07-09,ACTIVE
ENT-5541,USR-1152,Administration,READ_WRITE,2026-06-20,ACTIVE
ENT-5542,USR-1152,Patient Records,READ,2025-12-11,ACTIVE
ENT-5543,USR-1153,Laboratory,READ,2025-12-18,ACTIVE
ENT-5544,USR-1153,Patient Records,READ_WRITE,2026-04-17,ACTIVE
ENT-5545,USR-1154,Laboratory,READ_WRITE,2026-08-09,ACTIVE
ENT-5546,USR-1154,HR,READ,2025-12-26,ACTIVE
ENT-5547,USR-1154,Radiology,ADMIN,2026-07-15,ACTIVE
ENT-5548,USR-1155,Pharmacy,READ,2026-04-20,ACTIVE
ENT-5549,USR-1155,Patient Records,WRITE,2026-03-31,ACTIVE
ENT-5550,USR-1155,Billing,ADMIN,2026-06-01,ACTIVE
ENT-5551,USR-1155,HR,READ,2026-02-26,ACTIVE
ENT-5552,USR-1155,Laboratory,READ_WRITE,2026-07-01,REVOKED
ENT-5553,USR-1156,Patient Records,READ,2026-06-03,ACTIVE
ENT-5554,USR-1156,Pharmacy,READ,2026-04-14,ACTIVE
ENT-5555,USR-1157,Laboratory,READ_WRITE,2026-02-05,ACTIVE
ENT-5556,USR-1157,Administration,WRITE,2026-02-13,ACTIVE
ENT-5557,USR-1158,Administration,READ,2026-07-30,ACTIVE
ENT-5558,USR-1158,Radiology,READ,2026-07-07,ACTIVE
ENT-5559,USR-1158,Pharmacy,WRITE,2025-11-11,ACTIVE
ENT-5560,USR-1158,Patient Records,READ_WRITE,2026-02-16,ACTIVE
ENT-5561,USR-1158,HR,WRITE,2026-06-24,ACTIVE
ENT-5562,USR-1159,Patient Records,READ_WRITE,2026-03-22,REVOKED
ENT-5563,USR-1159,Radiology,READ,2025-12-04,ACTIVE
ENT-5564,USR-1159,HR,WRITE,2025-11-13,ACTIVE
ENT-5565,USR-1159,Administration,READ,2026-03-09,ACTIVE
ENT-5566,USR-1159,Billing,READ,2026-07-12,ACTIVE
ENT-5567,USR-1160,Radiology,READ_WRITE,2025-11-17,ACTIVE
ENT-5568,USR-1160,Laboratory,WRITE,2026-08-24,ACTIVE
ENT-5569,USR-1160,Administration,READ_WRITE,2026-01-01,ACTIVE
ENT-5570,USR-1161,Patient Records,READ_WRITE,2026-04-09,REVOKED
ENT-5571,USR-1161,Radiology,READ_WRITE,2026-02-17,ACTIVE
ENT-5572,USR-1161,Laboratory,READ_WRITE,2026-01-06,ACTIVE
ENT-5573,USR-1162,Patient Records,READ,2026-08-20,ACTIVE
ENT-5574,USR-1162,Radiology,WRITE,2025-11-17,ACTIVE
ENT-5575,USR-1162,HR,READ,2026-03-27,ACTIVE
ENT-5576,USR-1162,Laboratory,WRITE,2026-01-08,ACTIVE
ENT-5577,USR-1162,Administration,WRITE,2026-08-02,ACTIVE
ENT-5578,USR-1163,Laboratory,READ,2026-01-10,ACTIVE
ENT-5579,USR-1163,Billing,READ,2026-05-08,REVOKED
ENT-5580,USR-1163,HR,WRITE,2026-04-02,ACTIVE
ENT-5581,USR-1163,Radiology,WRITE,2026-07-06,REVOKED
ENT-5582,USR-1163,Administration,READ_WRITE,2026-06-19,ACTIVE
ENT-5583,USR-1164,Patient Records,READ_WRITE,2026-02-09,ACTIVE
ENT-5584,USR-1164,Laboratory,READ,2026-05-24,ACTIVE
ENT-5585,USR-1164,Billing,ADMIN,2026-01-29,REVOKED
ENT-5586,USR-1164,Pharmacy,WRITE,2026-06-27,ACTIVE
ENT-5587,USR-1164,Administration,WRITE,2025-12-14,ACTIVE
ENT-5588,USR-1165,Patient Records,WRITE,2025-12-12,ACTIVE
ENT-5589,USR-1165,Billing,READ,2026-06-02,ACTIVE
ENT-5590,USR-1165,Administration,READ_WRITE,2026-02-12,ACTIVE
ENT-5591,USR-1165,Radiology,WRITE,2026-03-18,ACTIVE
ENT-5592,USR-1165,Laboratory,WRITE,2026-04-24,ACTIVE
ENT-5593,USR-1166,Laboratory,WRITE,2025-12-10,ACTIVE
ENT-5594,USR-1166,Radiology,READ,2026-03-22,ACTIVE
ENT-5595,USR-1166,Pharmacy,READ,2026-05-10,ACTIVE
ENT-5596,USR-1166,Billing,WRITE,2026-04-03,ACTIVE
ENT-5597,USR-1167,HR,WRITE,2026-03-17,ACTIVE
ENT-5598,USR-1167,Administration,READ,2025-11-15,ACTIVE
ENT-5599,USR-1167,Pharmacy,WRITE,2026-01-28,ACTIVE
ENT-5600,USR-1168,Administration,ADMIN,2026-06-16,REVOKED
ENT-5601,USR-1168,Radiology,ADMIN,2026-04-15,ACTIVE
ENT-5602,USR-1168,Patient Records,READ_WRITE,2026-04-05,ACTIVE
ENT-5603,USR-1168,Billing,READ_WRITE,2026-07-29,ACTIVE
ENT-5604,USR-1169,Pharmacy,READ,2026-07-08,ACTIVE
ENT-5605,USR-1169,Billing,READ,2025-11-15,ACTIVE
ENT-5606,USR-1169,Patient Records,READ,2025-11-15,ACTIVE
ENT-5607,USR-1169,Laboratory,WRITE,2026-04-04,ACTIVE
ENT-5608,USR-1170,Radiology,WRITE,2026-03-22,ACTIVE
ENT-5609,USR-1170,Administration,ADMIN,2026-04-23,ACTIVE
ENT-5610,USR-1171,Administration,READ,2026-04-01,ACTIVE
ENT-5611,USR-1171,Pharmacy,READ,2026-07-22,ACTIVE
ENT-5612,USR-1171,Laboratory,READ_WRITE,2025-12-09,ACTIVE
ENT-5613,USR-1171,HR,ADMIN,2026-04-09,ACTIVE
ENT-5614,USR-1171,Billing,READ_WRITE,2026-04-21,REVOKED
ENT-5615,USR-1172,HR,WRITE,2026-03-28,ACTIVE
ENT-5616,USR-1172,Pharmacy,WRITE,2026-02-27,REVOKED
ENT-5617,USR-1172,Patient Records,READ,2025-12-03,ACTIVE
ENT-5618,USR-1172,Administration,READ_WRITE,2026-07-26,ACTIVE
ENT-5619,USR-1172,Radiology,READ_WRITE,2025-11-24,ACTIVE
ENT-5620,USR-1173,Laboratory,READ,2026-03-13,ACTIVE
ENT-5621,USR-1173,Pharmacy,READ_WRITE,2025-12-01,ACTIVE
ENT-5622,USR-1174,Patient Records,READ_WRITE,2026-04-28,ACTIVE
ENT-5623,USR-1174,HR,WRITE,2026-04-27,ACTIVE
ENT-5624,USR-1175,Radiology,WRITE,2026-04-07,REVOKED
ENT-5625,USR-1175,Patient Records,WRITE,2026-02-19,ACTIVE
ENT-5626,USR-1175,Administration,WRITE,2025-12-23,REVOKED
ENT-5627,USR-1175,Laboratory,READ,2026-05-23,ACTIVE
ENT-5628,USR-1176,Patient Records,READ,2025-11-27,ACTIVE
ENT-5629,USR-1176,Pharmacy,WRITE,2026-05-14,ACTIVE
ENT-5630,USR-1177,Administration,READ,2026-05-16,ACTIVE
ENT-5631,USR-1177,HR,READ,2026-01-19,ACTIVE
ENT-5632,USR-1177,Radiology,READ,2026-06-12,REVOKED
ENT-5633,USR-1178,Patient Records,READ_WRITE,2026-04-23,ACTIVE
ENT-5634,USR-1178,Administration,WRITE,2026-05-05,ACTIVE
ENT-5635,USR-1178,HR,WRITE,2026-01-11,ACTIVE
ENT-5636,USR-1178,Billing,WRITE,2026-08-21,ACTIVE
ENT-5637,USR-1179,Billing,WRITE,2026-07-28,ACTIVE
ENT-5638,USR-1179,Patient Records,WRITE,2026-07-23,ACTIVE
ENT-5639,USR-1180,Laboratory,READ_WRITE,2026-07-16,ACTIVE
ENT-5640,USR-1180,HR,READ,2026-02-15,ACTIVE
ENT-5641,USR-1181,Radiology,WRITE,2026-06-21,ACTIVE
ENT-5642,USR-1181,Pharmacy,READ,2025-11-23,ACTIVE
ENT-5643,USR-1182,Laboratory,READ,2026-08-24,ACTIVE
ENT-5644,USR-1182,HR,WRITE,2026-06-27,REVOKED
ENT-5645,USR-1182,Administration,WRITE,2026-02-09,ACTIVE
ENT-5646,USR-1183,Laboratory,READ,2026-03-06,ACTIVE
ENT-5647,USR-1183,Pharmacy,READ,2025-12-10,ACTIVE
ENT-5648,USR-1184,Pharmacy,READ_WRITE,2026-05-29,ACTIVE
ENT-5649,USR-1184,Billing,WRITE,2026-08-02,ACTIVE
ENT-5650,USR-1184,Laboratory,READ,2025-11-21,ACTIVE
ENT-5651,USR-1185,Laboratory,ADMIN,2026-07-10,ACTIVE
ENT-5652,USR-1185,HR,WRITE,2026-03-13,ACTIVE
ENT-5653,USR-1186,Patient Records,ADMIN,2026-05-22,ACTIVE
ENT-5654,USR-1186,Laboratory,WRITE,2026-03-26,ACTIVE
ENT-5655,USR-1186,Billing,READ_WRITE,2025-11-12,ACTIVE
ENT-5656,USR-1187,Radiology,READ_WRITE,2026-05-08,ACTIVE
ENT-5657,USR-1187,Pharmacy,WRITE,2026-04-10,ACTIVE
ENT-5658,USR-1187,Patient Records,READ_WRITE,2026-03-13,ACTIVE
ENT-5659,USR-1187,Laboratory,WRITE,2026-02-27,ACTIVE
ENT-5660,USR-1188,Billing,READ,2026-06-19,ACTIVE
ENT-5661,USR-1188,Patient Records,READ_WRITE,2026-07-21,ACTIVE
ENT-5662,USR-1188,Pharmacy,READ,2025-12-13,ACTIVE
ENT-5663,USR-1188,HR,READ,2026-02-03,ACTIVE
ENT-5664,USR-1188,Administration,READ_WRITE,2026-08-11,ACTIVE
ENT-5665,USR-1189,HR,READ,2026-04-03,ACTIVE
ENT-5666,USR-1189,Pharmacy,WRITE,2026-07-14,ACTIVE
ENT-5667,USR-1189,Laboratory,WRITE,2026-04-29,ACTIVE
ENT-5668,USR-1189,Radiology,READ,2026-06-06,ACTIVE
ENT-5669,USR-1189,Patient Records,READ_WRITE,2026-06-09,ACTIVE
ENT-5670,USR-1190,HR,READ,2026-08-09,ACTIVE
ENT-5671,USR-1190,Administration,WRITE,2026-07-28,ACTIVE
ENT-5672,USR-1190,Radiology,READ_WRITE,2026-05-16,ACTIVE
ENT-5673,USR-1191,Radiology,ADMIN,2026-03-17,ACTIVE
ENT-5674,USR-1191,Administration,READ,2026-04-11,ACTIVE
ENT-5675,USR-1191,HR,READ_WRITE,2025-11-24,ACTIVE
ENT-5676,USR-1191,Patient Records,WRITE,2026-02-17,ACTIVE
ENT-5677,USR-1192,Billing,WRITE,2026-05-07,ACTIVE
ENT-5678,USR-1192,Laboratory,WRITE,2026-03-06,ACTIVE
ENT-5679,USR-1193,Billing,READ_WRITE,2026-07-21,ACTIVE
ENT-5680,USR-1193,Patient Records,READ_WRITE,2026-06-14,ACTIVE
ENT-5681,USR-1193,Administration,WRITE,2026-06-30,ACTIVE
ENT-5682,USR-1193,Pharmacy,WRITE,2026-03-13,ACTIVE
ENT-5683,USR-1193,Radiology,WRITE,2025-12-27,ACTIVE
ENT-5684,USR-1194,HR,READ_WRITE,2026-06-25,ACTIVE
ENT-5685,USR-1194,Radiology,READ_WRITE,2025-12-10,REVOKED
ENT-5686,USR-1194,Patient Records,WRITE,2026-08-01,ACTIVE
ENT-5687,USR-1195,Billing,READ,2026-08-20,ACTIVE
ENT-5688,USR-1195,Radiology,READ,2026-04-06,ACTIVE
ENT-5689,USR-1195,Administration,READ_WRITE,2025-12-31,ACTIVE
ENT-5690,USR-1196,Pharmacy,READ_WRITE,2026-05-28,ACTIVE
ENT-5691,USR-1196,Radiology,WRITE,2026-06-05,ACTIVE
ENT-5692,USR-1196,Billing,READ_WRITE,2026-01-09,ACTIVE
ENT-5693,USR-1197,Pharmacy,WRITE,2026-07-05,REVOKED
ENT-5694,USR-1197,Radiology,WRITE,2025-12-14,ACTIVE
ENT-5695,USR-1198,Billing,WRITE,2026-08-10,ACTIVE
ENT-5696,USR-1198,Patient Records,WRITE,2026-06-30,REVOKED
ENT-5697,USR-1198,Pharmacy,READ,2025-11-26,ACTIVE
ENT-5698,USR-1199,Billing,WRITE,2026-05-04,ACTIVE
ENT-5699,USR-1199,Radiology,WRITE,2026-02-15,ACTIVE
ENT-5700,USR-1199,Laboratory,READ,2025-11-08,REVOKED
ENT-5701,USR-1199,Patient Records,READ_WRITE,2025-12-28,ACTIVE
ENT-5702,USR-1199,Administration,READ,2026-07-18,ACTIVE
ENT-5703,USR-1200,Laboratory,WRITE,2025-12-06,REVOKED
ENT-5704,USR-1200,Pharmacy,READ,2026-03-21,ACTIVE
ENT-5705,USR-1200,Patient Records,ADMIN,2026-01-23,ACTIVE
ENT-5706,USR-1200,Billing,READ_WRITE,2025-11-28,ACTIVE
ENT-5707,USR-1200,Administration,WRITE,2026-04-10,ACTIVE
